<launch> 
  <arg name="odom_frame_id"   default="odom"/>
  <arg name="base_frame_id"   default="base_link"/>
  <arg name="global_frame_id" default="map"/>
  <arg name="odom_topic" 	    default="odom" />

  <!--            Launching move_base and navigation stack            -->

    <node pkg="move_base" type="move_base" respawn="false" name="move_base" output="screen">
    <rosparam file="$(find bb1)/param/costmap_common_params.yaml" command="load" ns="global_costmap" />
    <rosparam file="$(find bb1)/param/costmap_common_params.yaml" command="load" ns="local_costmap" />  
    <rosparam file="$(find bb1)/param/local_costmap_params.yaml" command="load" />  
    <rosparam file="$(find bb1)/param/global_costmap_params.yaml" command="load" />
    <rosparam file="$(find bb1)/param/dwa_local_planner_params.yaml" command="load" />
    <rosparam file="$(find bb1)/param/move_base_params.yaml" command="load" />
    <rosparam file="$(find bb1)/param/global_planner_params.yaml" command="load" />
    <rosparam file="$(find bb1)/param/navfn_global_planner_params.yaml" command="load" />

  <!--          Reset frame_id parameters using user input data             -->

    <param name="global_costmap/global_frame" value="$(arg global_frame_id)"/>
    <param name="global_costmap/robot_base_frame" value="$(arg base_frame_id)"/>
    <param name="local_costmap/global_frame" value="$(arg odom_frame_id)"/>
    <param name="local_costmap/robot_base_frame" value="$(arg base_frame_id)"/>
    <param name="DWAPlannerROS/global_frame_id" value="$(arg odom_frame_id)"/>
    </node> 
    <!--<remap from="cmd_vel" to="/cmd_vel_mux/input/teleop"/>
    <remap from="odom" to="$(arg odom_topic)"/> -->
    
</launch>